ram,battery_power,storage,rear_camera_mp,front_camera_mp,screen_size,processor_speed,refresh_rate,has_5g,brand_level,price_category
14,5471,512,149,35,6.8,3.5,120,1,2,Flagship Phone
12,5393,256,89,28,6.7,2.9,90,1,2,Premium Phone
4,3971,64,11,7,5.8,1.9,60,0,2,Budget Phone
8,4942,64,50,11,6.5,2.1,90,0,1,Mid-Range Phone
4,3992,32,8,7,5.7,1.5,60,0,1,Budget Phone
15,5263,512,123,41,6.7,3.4,144,1,3,Flagship Phone
6,5058,64,26,14,6.5,2.3,60,0,1,Mid-Range Phone
12,5533,512,140,43,6.9,3.2,120,1,2,Flagship Phone
8,4406,128,60,13,6.2,2.5,90,1,2,Mid-Range Phone
12,5119,256,91,31,6.6,3.2,90,0,2,Premium Phone
10,4765,256,103,22,6.5,2.8,90,1,3,Premium Phone
2,3476,64,8,8,6.1,1.4,60,0,1,Budget Phone
3,4060,32,16,7,6.2,1.5,60,1,1,Budget Phone
10,4567,256,99,25,6.6,3.1,120,1,2,Premium Phone
2,3089,32,11,7,6.0,1.5,60,0,1,Budget Phone
3,4470,32,14,6,5.7,1.9,60,0,2,Budget Phone
6,4320,128,63,13,6.6,2.5,90,1,1,Mid-Range Phone
10,4764,128,96,18,6.8,2.9,120,0,2,Premium Phone
9,4589,256,97,30,6.7,2.6,120,1,3,Premium Phone
6,4364,128,25,16,6.3,2.4,60,1,1,Mid-Range Phone
5,4516,128,52,13,6.5,2.2,90,0,1,Mid-Range Phone
9,5066,256,57,25,6.6,3.0,120,1,3,Premium Phone
10,5073,256,81,30,6.8,3.1,120,1,3,Premium Phone
7,5402,128,28,12,6.3,2.3,60,0,1,Mid-Range Phone
3,3050,64,13,5,6.1,1.6,60,0,1,Budget Phone
4,3061,32,14,5,5.8,1.8,60,0,1,Budget Phone
11,5166,128,93,18,6.7,3.1,90,1,3,Premium Phone
7,5177,64,32,14,6.4,2.5,90,0,2,Mid-Range Phone
4,4358,64,37,13,6.4,2.3,60,0,1,Mid-Range Phone
7,4400,128,58,13,6.1,2.5,90,0,1,Mid-Range Phone
8,4394,128,42,10,6.2,2.5,60,0,2,Mid-Range Phone
9,5307,128,78,18,6.5,2.9,120,0,2,Premium Phone
10,5100,128,54,23,6.8,2.8,120,1,3,Premium Phone
8,4772,256,100,27,6.8,2.8,90,1,2,Premium Phone
8,4482,64,24,11,6.3,2.6,90,1,1,Mid-Range Phone
7,4690,128,64,14,6.1,2.3,90,1,1,Mid-Range Phone
5,5352,128,20,12,6.3,2.4,90,1,1,Mid-Range Phone
4,3569,32,14,6,6.1,1.8,60,0,2,Budget Phone
4,4169,128,41,11,6.3,2.1,90,0,2,Mid-Range Phone
10,4602,128,51,22,6.5,2.8,120,1,3,Premium Phone
14,5029,256,138,44,6.7,3.6,120,1,2,Flagship Phone
4,3726,64,8,8,5.6,1.6,60,1,2,Budget Phone
15,5484,256,125,52,6.8,3.2,144,1,3,Flagship Phone
7,5003,64,32,9,6.0,2.5,60,1,2,Mid-Range Phone
15,5870,256,154,53,6.7,3.3,144,1,3,Flagship Phone
4,4364,64,49,8,6.1,2.3,90,1,2,Mid-Range Phone
8,4382,128,54,8,6.1,2.5,60,1,2,Mid-Range Phone
3,3562,32,16,5,5.6,1.5,60,0,1,Budget Phone
2,3157,64,13,6,5.9,1.8,60,0,1,Budget Phone
3,3969,64,15,6,6.0,1.9,60,0,1,Budget Phone
9,5413,256,76,17,6.5,2.7,90,1,2,Premium Phone
12,5365,512,133,60,6.7,3.2,120,1,3,Flagship Phone
7,4995,128,43,14,6.0,2.1,90,0,1,Mid-Range Phone
3,3559,32,8,5,5.8,1.8,60,0,1,Budget Phone
16,5667,512,164,48,6.5,3.4,144,1,3,Flagship Phone
7,4430,128,21,15,6.5,2.6,60,0,2,Mid-Range Phone
15,5529,256,93,50,6.9,3.6,120,1,3,Flagship Phone
15,5056,512,88,33,6.9,3.6,120,1,3,Flagship Phone
14,5604,512,73,42,6.7,3.5,120,1,3,Flagship Phone
7,4998,128,63,15,6.6,2.2,90,1,1,Mid-Range Phone
8,5453,64,26,8,6.5,2.6,60,1,1,Mid-Range Phone
4,4416,64,9,8,5.7,1.9,60,0,1,Budget Phone
2,4348,32,12,7,5.6,1.6,60,0,1,Budget Phone
4,4500,64,16,5,6.1,1.9,60,0,1,Budget Phone
2,4212,32,15,6,6.0,1.8,60,0,1,Budget Phone
13,4869,512,100,54,6.9,3.1,144,1,3,Flagship Phone
2,4372,64,16,8,5.8,1.6,60,0,1,Budget Phone
8,5036,128,36,16,6.5,2.5,60,1,2,Mid-Range Phone
8,4407,64,40,16,6.4,2.5,60,1,2,Mid-Range Phone
8,5098,128,38,10,6.0,2.1,60,1,2,Mid-Range Phone
4,5071,128,56,13,6.3,2.5,90,0,2,Mid-Range Phone
4,4373,64,16,6,5.6,1.9,60,0,1,Budget Phone
16,4983,256,198,43,7.0,3.2,120,1,2,Flagship Phone
3,3180,64,8,7,5.7,1.8,60,0,1,Budget Phone
4,3489,32,14,8,6.2,1.7,60,0,1,Budget Phone
7,4336,64,37,11,6.1,2.6,90,1,2,Mid-Range Phone
2,4070,32,15,8,6.1,1.5,60,0,1,Budget Phone
4,4122,32,8,7,5.5,1.7,60,0,1,Budget Phone
16,5480,512,75,57,6.5,3.4,120,1,3,Flagship Phone
9,5264,128,66,30,6.7,2.9,120,1,2,Premium Phone
12,5987,512,117,57,7.0,3.5,144,1,2,Flagship Phone
2,3159,32,10,6,5.7,1.5,60,0,1,Budget Phone
10,4800,256,65,30,6.7,2.9,120,1,2,Premium Phone
4,3149,32,14,7,5.6,1.5,60,0,1,Budget Phone
7,4052,64,62,15,6.0,2.2,90,1,2,Mid-Range Phone
12,5725,512,66,38,6.7,3.0,144,1,3,Flagship Phone
13,4887,256,153,33,6.9,3.2,120,1,3,Flagship Phone
4,3246,32,9,8,6.1,2.0,60,0,1,Budget Phone
12,5038,256,172,54,6.6,3.2,144,1,3,Flagship Phone
11,4629,128,97,21,6.7,2.8,120,1,3,Premium Phone
5,5313,64,56,16,6.3,2.5,60,0,2,Mid-Range Phone
4,4793,128,63,9,6.1,2.2,60,1,1,Mid-Range Phone
2,3444,64,13,7,5.7,1.6,60,0,1,Budget Phone
8,4656,64,42,12,6.2,2.4,90,0,2,Mid-Range Phone
13,5241,256,130,48,6.8,3.4,144,1,2,Flagship Phone
10,5215,128,99,26,6.5,3.1,90,1,2,Premium Phone
5,4336,128,46,14,6.0,2.2,60,1,2,Mid-Range Phone
16,5934,256,143,55,6.9,3.1,120,1,3,Flagship Phone
4,3734,64,12,7,5.8,1.8,60,0,1,Budget Phone
4,3612,64,11,7,5.6,1.5,60,0,1,Budget Phone
8,4667,64,27,12,6.5,2.4,60,0,2,Mid-Range Phone
4,3655,32,13,5,5.9,1.7,60,0,1,Budget Phone
10,4840,256,61,21,6.5,2.9,90,0,2,Premium Phone
2,4127,64,14,6,5.7,1.9,60,1,2,Budget Phone
10,4836,256,96,21,6.6,2.8,120,0,2,Premium Phone
8,5424,128,92,30,6.6,3.1,90,1,3,Premium Phone
16,5613,256,120,60,6.6,3.3,144,1,3,Flagship Phone
15,5122,256,68,60,6.7,3.3,144,1,3,Flagship Phone
13,5456,512,98,54,6.7,3.2,144,1,3,Flagship Phone
12,5542,512,127,53,6.9,3.6,144,1,2,Flagship Phone
5,5122,64,36,15,6.4,2.5,90,0,1,Mid-Range Phone
8,5057,256,64,26,6.5,3.0,90,1,2,Premium Phone
4,4012,64,15,5,6.0,1.7,60,0,1,Budget Phone
12,4940,512,152,47,6.7,3.6,144,1,3,Flagship Phone
8,5305,128,75,28,6.7,2.8,120,1,2,Premium Phone
13,4868,512,116,36,6.7,3.4,144,1,3,Flagship Phone
2,4021,32,15,5,6.0,1.5,60,0,1,Budget Phone
2,3633,64,14,8,5.6,1.7,60,0,1,Budget Phone
12,5053,256,59,25,6.4,2.7,120,0,3,Premium Phone
2,3217,64,11,6,6.1,2.0,60,0,1,Budget Phone
6,4030,64,31,9,6.6,2.4,60,0,1,Mid-Range Phone
14,5804,256,186,42,6.5,3.4,144,1,3,Flagship Phone
15,5681,512,68,46,6.6,3.4,144,1,3,Flagship Phone
15,5903,512,143,54,6.6,3.6,144,1,3,Flagship Phone
7,4714,128,35,13,6.1,2.4,60,1,2,Mid-Range Phone
16,5390,512,106,39,6.8,3.2,120,1,2,Flagship Phone
7,4200,128,34,10,6.5,2.2,60,1,1,Mid-Range Phone
4,3004,32,11,6,6.1,1.4,60,0,2,Budget Phone
10,4943,256,88,22,6.6,2.6,120,1,2,Premium Phone
8,5354,128,51,28,6.7,3.0,120,1,2,Premium Phone
2,3866,64,15,8,6.1,1.4,60,0,1,Budget Phone
12,5949,512,107,33,6.9,3.3,120,1,3,Flagship Phone
4,5178,128,63,16,6.2,2.0,60,1,1,Mid-Range Phone
3,4325,32,11,6,5.8,1.7,60,0,2,Budget Phone
16,5233,256,133,44,6.8,3.0,144,1,3,Flagship Phone
11,5130,256,79,18,6.4,2.7,90,1,2,Premium Phone
9,4542,128,74,25,6.7,3.0,120,0,3,Premium Phone
6,4256,64,55,14,6.5,2.3,90,1,2,Mid-Range Phone
6,4910,128,50,12,6.0,2.2,90,1,2,Mid-Range Phone
15,5070,512,143,40,6.9,3.1,120,1,3,Flagship Phone
12,5725,256,78,43,6.9,3.3,120,1,3,Flagship Phone
8,4653,128,83,23,6.6,2.7,120,1,2,Premium Phone
7,5043,128,40,9,6.1,2.2,60,0,1,Mid-Range Phone
10,5162,256,70,28,6.6,2.8,120,1,2,Premium Phone
9,4578,256,70,20,6.7,3.2,120,1,3,Premium Phone
8,4725,128,64,12,6.3,2.4,90,0,2,Mid-Range Phone
11,4728,128,83,25,6.5,2.7,90,1,2,Premium Phone
12,4690,256,56,20,6.7,3.0,90,1,3,Premium Phone
4,5444,64,34,14,6.4,2.5,60,1,2,Mid-Range Phone
8,4702,64,44,10,6.0,2.1,90,0,1,Mid-Range Phone
13,5443,256,80,57,6.8,3.4,144,1,3,Flagship Phone
4,4124,64,59,8,6.0,2.4,90,0,2,Mid-Range Phone
12,4616,256,65,32,6.5,3.1,120,1,2,Premium Phone
2,4015,32,9,5,6.2,1.4,60,0,2,Budget Phone
14,5686,512,115,49,6.6,3.5,120,1,3,Flagship Phone
6,4839,128,56,8,6.3,2.5,60,1,1,Mid-Range Phone
8,4368,64,38,16,6.4,2.2,60,0,2,Mid-Range Phone
2,3456,32,9,6,6.0,1.6,60,0,1,Budget Phone
14,5479,512,134,56,6.5,3.4,144,1,3,Flagship Phone
8,4074,128,48,10,6.5,2.5,90,0,2,Mid-Range Phone
13,5591,512,200,43,6.5,3.1,144,1,3,Flagship Phone
16,5937,256,198,34,6.6,3.6,144,1,3,Flagship Phone
15,4824,256,147,48,6.9,3.2,120,1,2,Flagship Phone
2,3036,32,8,7,6.0,2.0,60,1,1,Budget Phone
3,3454,32,12,6,5.5,1.9,60,1,1,Budget Phone
10,5411,128,104,22,6.6,2.7,90,1,3,Premium Phone
2,3019,32,8,6,5.7,2.0,60,0,1,Budget Phone
12,4775,128,96,17,6.6,2.7,90,1,2,Premium Phone
11,5060,256,102,26,6.5,2.8,90,1,2,Premium Phone
4,3878,64,15,6,6.0,1.9,60,0,1,Budget Phone
11,5058,256,101,21,6.5,3.0,90,1,3,Premium Phone
13,5706,256,119,46,6.9,3.2,120,1,3,Flagship Phone
5,4121,64,50,10,6.3,2.2,90,1,1,Mid-Range Phone
3,4092,64,10,5,6.0,1.8,60,0,1,Budget Phone
2,3356,32,15,8,5.7,1.6,60,1,2,Budget Phone
5,5035,64,17,13,6.3,2.5,60,1,2,Mid-Range Phone
2,3996,32,9,6,6.0,1.9,60,0,1,Budget Phone
14,5452,512,66,41,7.0,3.6,120,1,2,Flagship Phone
3,3537,32,10,5,6.0,1.8,60,1,2,Budget Phone
8,4949,128,98,28,6.8,2.7,120,0,3,Premium Phone
8,5148,256,50,17,6.8,2.9,120,1,3,Premium Phone
8,4656,128,70,31,6.7,2.7,90,1,3,Premium Phone
2,3768,64,14,5,5.9,1.7,60,0,1,Budget Phone
14,5592,512,123,44,6.9,3.3,120,1,2,Flagship Phone
3,3143,64,12,5,6.0,1.8,60,0,1,Budget Phone
16,4997,256,95,47,7.0,3.3,144,1,3,Flagship Phone
5,5146,64,25,8,6.4,2.5,60,1,1,Mid-Range Phone
12,4732,128,84,29,6.4,3.0,120,1,2,Premium Phone
8,4940,64,32,13,6.4,2.5,90,0,2,Mid-Range Phone
7,4321,64,62,15,6.4,2.1,90,0,2,Mid-Range Phone
10,5411,256,62,32,6.7,3.2,90,0,3,Premium Phone
11,4714,128,103,17,6.4,3.2,120,0,2,Premium Phone
4,3400,32,12,5,6.0,1.6,60,1,1,Budget Phone
11,5462,256,83,21,6.6,2.8,90,1,2,Premium Phone
8,4112,64,34,11,6.4,2.0,60,1,1,Mid-Range Phone
3,4277,64,14,8,5.9,1.9,60,0,1,Budget Phone
4,4139,32,10,6,5.6,2.0,60,0,1,Budget Phone
16,5129,256,69,47,6.5,3.1,120,1,3,Flagship Phone
14,5429,256,140,46,6.9,3.2,120,1,2,Flagship Phone
2,3872,64,16,7,5.9,1.8,60,0,2,Budget Phone
11,5274,128,69,18,6.5,2.9,90,0,3,Premium Phone
13,5790,512,104,41,6.8,3.1,144,1,3,Flagship Phone
12,5169,128,89,28,6.4,2.8,120,1,2,Premium Phone
12,5869,512,130,46,7.0,3.2,144,1,2,Flagship Phone
12,4629,256,77,21,6.5,3.2,120,1,3,Premium Phone
2,3851,32,10,5,5.5,1.8,60,0,1,Budget Phone
12,5492,256,90,17,6.7,3.2,90,1,3,Premium Phone
12,4923,256,101,21,6.6,2.9,120,0,3,Premium Phone
8,4619,256,78,30,6.5,3.0,90,1,3,Premium Phone
13,5303,512,92,42,6.6,3.1,120,1,3,Flagship Phone
14,5801,512,114,41,7.0,3.5,120,1,2,Flagship Phone
9,5309,256,81,26,6.7,2.8,120,1,3,Premium Phone
7,4760,64,33,8,6.5,2.2,60,1,2,Mid-Range Phone
9,5283,256,90,18,6.5,3.0,90,1,2,Premium Phone
12,5010,256,92,47,6.8,3.3,144,1,3,Flagship Phone
3,3977,64,11,6,5.6,1.7,60,0,2,Budget Phone
8,4912,128,58,27,6.5,2.9,120,1,3,Premium Phone
4,3616,32,9,7,5.6,2.0,60,0,1,Budget Phone
12,4686,256,92,28,6.6,2.9,120,0,3,Premium Phone
7,4775,64,56,12,6.4,2.4,60,0,1,Mid-Range Phone
12,5415,512,120,53,6.6,3.4,144,1,2,Flagship Phone
14,5710,256,181,53,6.7,3.5,120,1,3,Flagship Phone
12,5773,256,140,32,6.9,3.0,120,1,3,Flagship Phone
16,5194,512,70,54,6.6,3.0,120,1,3,Flagship Phone
2,3850,64,11,6,5.9,1.8,60,0,1,Budget Phone
6,4631,64,40,11,6.6,2.3,60,0,2,Mid-Range Phone
8,5487,256,96,18,6.4,2.9,90,1,2,Premium Phone
2,3245,64,16,7,5.8,1.7,60,0,1,Budget Phone
2,3396,64,14,5,6.0,1.6,60,0,1,Budget Phone
10,5098,256,87,16,6.5,2.7,120,0,2,Premium Phone
4,4637,64,19,14,6.1,2.4,60,0,2,Mid-Range Phone
3,4126,64,13,7,6.1,1.8,60,0,1,Budget Phone
16,5887,256,166,54,6.6,3.3,120,1,3,Flagship Phone
11,5402,128,86,24,6.6,3.1,90,1,3,Premium Phone
13,5797,256,149,40,6.7,3.2,120,1,3,Flagship Phone
8,4612,128,44,16,6.4,2.3,90,0,1,Mid-Range Phone
11,5247,256,60,22,6.6,3.2,90,1,2,Premium Phone
5,4659,128,47,11,6.4,2.3,60,1,1,Mid-Range Phone
13,4928,512,105,41,6.5,3.5,120,1,3,Flagship Phone
10,5077,256,74,31,6.5,3.0,120,0,2,Premium Phone
6,4058,64,41,14,6.2,2.3,60,0,2,Mid-Range Phone
7,5440,64,32,12,6.2,2.4,90,0,2,Mid-Range Phone
3,3961,64,14,6,6.1,1.9,60,0,1,Budget Phone
8,4781,256,86,25,6.5,2.9,90,1,2,Premium Phone
4,3822,32,10,8,5.7,1.6,60,0,2,Budget Phone
8,4159,128,25,15,6.6,2.4,90,1,1,Mid-Range Phone
12,5052,128,103,16,6.5,3.0,120,1,3,Premium Phone
16,5056,256,158,38,6.6,3.0,120,1,3,Flagship Phone
3,3927,64,14,5,6.0,1.8,60,0,2,Budget Phone
4,3268,64,13,6,5.9,2.0,60,1,1,Budget Phone
9,5227,256,87,27,6.8,2.9,90,0,3,Premium Phone
4,4164,128,23,16,6.2,2.5,90,1,2,Mid-Range Phone
6,4908,128,52,8,6.3,2.4,90,1,2,Mid-Range Phone
2,3935,32,12,8,5.9,1.4,60,0,1,Budget Phone
9,4879,256,68,22,6.7,2.8,120,0,2,Premium Phone
12,5471,256,117,55,6.5,3.6,144,1,3,Flagship Phone
2,3690,32,11,7,6.0,1.6,60,0,2,Budget Phone
8,4294,64,20,11,6.6,2.2,90,1,1,Mid-Range Phone
4,4008,32,12,8,6.1,1.8,60,0,2,Budget Phone
15,5110,512,107,47,6.5,3.4,120,1,3,Flagship Phone
8,5407,64,18,8,6.4,2.3,90,1,2,Mid-Range Phone
7,4340,64,16,13,6.0,2.3,60,0,2,Mid-Range Phone
15,5439,512,64,38,6.5,3.5,144,1,2,Flagship Phone
10,5389,256,89,30,6.7,2.9,120,1,3,Premium Phone
8,5181,128,59,25,6.6,3.1,120,1,2,Premium Phone
9,5357,128,54,19,6.7,2.9,90,1,3,Premium Phone
6,4702,128,64,11,6.0,2.1,60,0,1,Mid-Range Phone
8,5111,128,28,12,6.2,2.3,60,0,1,Mid-Range Phone
12,5593,512,199,43,6.9,3.2,144,1,3,Flagship Phone
4,4646,64,61,8,6.6,2.4,90,1,2,Mid-Range Phone
6,4818,128,30,8,6.3,2.5,60,0,2,Mid-Range Phone
12,5119,256,73,18,6.7,2.7,90,1,3,Premium Phone
11,4668,256,108,31,6.8,3.2,120,1,2,Premium Phone
9,5165,256,64,17,6.6,3.0,120,1,3,Premium Phone
4,3264,32,15,6,5.8,1.6,60,0,2,Budget Phone
4,4072,64,12,5,5.5,1.9,60,0,1,Budget Phone
3,3283,64,11,6,6.1,1.8,60,0,1,Budget Phone
4,3604,32,11,6,5.6,1.8,60,0,1,Budget Phone
4,4115,128,16,15,6.4,2.2,60,1,1,Mid-Range Phone
3,3046,32,9,7,6.1,1.5,60,0,1,Budget Phone
16,4914,512,106,60,6.7,3.1,144,1,2,Flagship Phone
10,5227,128,79,22,6.5,2.9,90,0,3,Premium Phone
4,3800,32,16,6,5.5,2.0,60,0,1,Budget Phone
10,4835,256,75,26,6.4,2.8,120,0,3,Premium Phone
8,4543,128,56,28,6.6,2.9,120,1,3,Premium Phone
16,5232,256,117,32,6.9,3.1,144,1,3,Flagship Phone
11,5082,256,63,22,6.6,3.0,120,1,2,Premium Phone
8,4620,128,92,16,6.5,3.1,120,1,2,Premium Phone
11,4837,256,78,18,6.7,3.1,120,1,2,Premium Phone
16,5911,512,122,35,6.8,3.3,144,1,2,Flagship Phone
6,5137,64,34,11,6.5,2.4,60,1,1,Mid-Range Phone
16,5099,512,194,45,6.7,3.3,144,1,3,Flagship Phone
5,5346,128,19,11,6.4,2.2,90,1,1,Mid-Range Phone
14,5913,512,124,51,6.9,3.4,120,1,3,Flagship Phone
4,3653,32,13,7,6.2,1.5,60,0,1,Budget Phone
11,4746,256,56,23,6.8,3.1,120,0,2,Premium Phone
4,5313,128,56,16,6.2,2.2,60,0,1,Mid-Range Phone
13,5787,256,141,32,6.8,3.5,144,1,3,Flagship Phone
9,5384,256,83,31,6.8,3.0,120,1,2,Premium Phone
13,5903,256,132,52,6.7,3.2,120,1,3,Flagship Phone
10,5223,256,61,20,6.4,2.8,120,1,2,Premium Phone
16,4986,256,132,43,6.8,3.3,120,1,3,Flagship Phone
4,4440,32,13,8,5.5,1.7,60,0,1,Budget Phone
14,5846,256,108,52,6.7,3.6,120,1,3,Flagship Phone
10,4555,256,101,18,6.5,3.0,90,1,2,Premium Phone
10,4639,256,106,17,6.6,2.9,90,1,3,Premium Phone
14,5476,256,79,38,6.7,3.5,144,1,3,Flagship Phone
3,4346,32,15,6,5.9,1.6,60,0,1,Budget Phone
3,3127,32,10,8,6.1,1.7,60,0,1,Budget Phone
8,5329,128,96,18,6.8,2.7,120,0,3,Premium Phone
2,3515,64,15,5,6.2,1.6,60,0,1,Budget Phone
2,4056,32,15,7,6.0,1.5,60,0,1,Budget Phone
8,4187,64,46,13,6.2,2.4,60,0,1,Mid-Range Phone
15,5625,512,157,55,6.8,3.5,120,1,3,Flagship Phone
3,4122,64,11,6,5.5,1.9,60,0,2,Budget Phone
4,5239,64,33,9,6.4,2.4,90,0,2,Mid-Range Phone
12,5234,128,106,32,6.4,2.7,120,1,3,Premium Phone
12,5512,256,91,50,6.8,3.1,144,1,2,Flagship Phone
11,5289,256,55,19,6.5,2.7,90,1,2,Premium Phone
14,5263,512,178,47,6.9,3.2,120,1,3,Flagship Phone
12,5483,256,84,22,6.5,3.2,90,0,2,Premium Phone
12,5513,256,103,51,6.7,3.4,120,1,3,Flagship Phone
6,4780,128,31,13,6.5,2.1,60,0,1,Mid-Range Phone
4,4470,128,50,10,6.0,2.2,60,0,1,Mid-Range Phone
16,5258,256,88,40,6.9,3.5,144,1,3,Flagship Phone
6,5464,64,16,13,6.1,2.1,90,0,1,Mid-Range Phone
12,4867,128,82,22,6.6,3.2,120,1,2,Premium Phone
3,3216,32,10,5,5.5,1.7,60,0,1,Budget Phone
12,5241,512,149,44,6.6,3.6,144,1,3,Flagship Phone
3,3034,32,8,6,5.8,1.8,60,0,1,Budget Phone
7,5022,64,54,10,6.5,2.5,60,1,2,Mid-Range Phone
4,3160,64,11,7,5.9,1.5,60,0,1,Budget Phone
4,3815,32,15,6,5.7,1.8,60,0,1,Budget Phone
7,4447,64,26,15,6.2,2.1,90,0,2,Mid-Range Phone
12,5786,256,124,35,6.9,3.0,144,1,2,Flagship Phone
7,5227,128,29,11,6.5,2.6,60,1,2,Mid-Range Phone
9,5388,256,81,21,6.5,3.0,90,1,2,Premium Phone
3,3257,32,10,6,6.0,1.7,60,0,1,Budget Phone
14,5800,256,129,59,6.9,3.6,120,1,2,Flagship Phone
4,3225,64,15,5,5.9,2.0,60,0,1,Budget Phone
14,5365,256,193,56,6.6,3.1,144,1,3,Flagship Phone
6,5303,64,59,14,6.6,2.6,60,1,1,Mid-Range Phone
11,4963,256,78,17,6.6,2.7,90,1,2,Premium Phone
9,5185,256,102,19,6.8,2.9,120,1,2,Premium Phone
11,4578,256,53,28,6.4,2.8,90,0,3,Premium Phone
4,4695,64,38,16,6.5,2.2,60,1,1,Mid-Range Phone
9,5194,256,88,27,6.4,2.9,90,1,2,Premium Phone
4,4182,64,57,10,6.4,2.2,60,1,1,Mid-Range Phone
14,5968,512,140,60,6.6,3.0,144,1,2,Flagship Phone
4,4146,64,18,14,6.2,2.1,60,1,2,Mid-Range Phone
3,4020,64,13,7,6.1,1.6,60,1,1,Budget Phone
2,3717,64,16,7,5.6,1.7,60,1,2,Budget Phone
2,4306,64,14,5,5.8,1.8,60,0,2,Budget Phone
4,5301,128,49,14,6.4,2.1,60,1,1,Mid-Range Phone
7,4576,64,62,12,6.1,2.5,60,1,1,Mid-Range Phone
2,3517,32,9,8,5.7,1.5,60,0,1,Budget Phone
8,4484,128,19,10,6.6,2.2,60,1,2,Mid-Range Phone
2,3833,64,16,5,6.1,1.5,60,0,1,Budget Phone
10,5374,256,60,28,6.7,2.9,90,1,3,Premium Phone
4,3606,64,11,7,6.1,1.7,60,0,1,Budget Phone
5,5254,128,29,10,6.4,2.4,60,1,1,Mid-Range Phone
2,3791,32,10,6,5.5,1.8,60,0,1,Budget Phone
2,4077,64,10,7,5.7,1.6,60,0,2,Budget Phone
15,5338,256,132,49,6.7,3.1,120,1,2,Flagship Phone
14,5436,256,153,45,6.6,3.5,120,1,2,Flagship Phone
13,5989,256,129,40,6.7,3.5,144,1,3,Flagship Phone
3,3685,64,13,6,5.7,1.6,60,0,1,Budget Phone
14,5043,512,200,59,6.6,3.3,120,1,3,Flagship Phone
9,4995,256,99,18,6.5,3.0,90,1,3,Premium Phone
8,5156,256,63,22,6.6,3.1,90,1,2,Premium Phone
5,5494,64,32,8,6.1,2.5,90,1,2,Mid-Range Phone
16,4811,512,183,34,6.9,3.4,144,1,3,Flagship Phone
14,5115,512,86,54,7.0,3.6,120,1,3,Flagship Phone
7,5053,128,53,12,6.4,2.2,60,1,2,Mid-Range Phone
6,5313,128,55,10,6.6,2.1,60,1,1,Mid-Range Phone
4,4162,64,26,12,6.6,2.3,90,0,1,Mid-Range Phone
15,5737,256,138,42,6.8,3.2,144,1,2,Flagship Phone
6,4645,64,40,15,6.5,2.2,90,1,1,Mid-Range Phone
12,5608,256,188,42,6.6,3.4,120,1,3,Flagship Phone
6,4244,64,56,13,6.4,2.3,90,0,1,Mid-Range Phone
10,5211,128,77,25,6.8,2.9,120,1,2,Premium Phone
14,5882,512,169,48,6.6,3.1,144,1,3,Flagship Phone
7,5426,128,37,13,6.2,2.4,60,0,2,Mid-Range Phone
8,5310,256,62,21,6.8,2.8,90,1,3,Premium Phone
12,5108,128,65,16,6.6,2.9,90,1,3,Premium Phone
15,5155,256,108,39,6.7,3.4,144,1,3,Flagship Phone
3,3190,32,11,8,5.6,2.0,60,1,1,Budget Phone
12,4817,128,83,27,6.8,2.7,120,1,2,Premium Phone
2,3827,32,13,8,5.7,1.8,60,0,1,Budget Phone
8,5060,256,51,18,6.7,3.1,90,1,3,Premium Phone
10,5108,128,103,21,6.5,3.0,120,0,2,Premium Phone
6,4761,64,45,12,6.4,2.2,60,0,1,Mid-Range Phone
12,5597,256,101,60,6.7,3.2,144,1,3,Flagship Phone
4,4365,32,12,8,6.0,1.5,60,1,1,Budget Phone
7,4603,64,60,11,6.4,2.0,90,1,2,Mid-Range Phone
15,5248,512,68,60,6.6,3.6,120,1,3,Flagship Phone
7,4835,128,44,12,6.5,2.5,90,0,1,Mid-Range Phone
5,4902,64,38,10,6.3,2.1,60,1,2,Mid-Range Phone
8,4783,128,81,28,6.5,2.8,90,0,2,Premium Phone
7,4436,64,54,8,6.4,2.3,90,0,1,Mid-Range Phone
7,5150,64,42,9,6.5,2.2,60,0,1,Mid-Range Phone
15,5182,256,145,38,7.0,3.2,144,1,3,Flagship Phone
3,4243,64,15,6,5.6,1.8,60,1,1,Budget Phone
14,5619,256,152,60,6.7,3.1,120,1,3,Flagship Phone
6,4736,128,60,16,6.5,2.5,60,0,2,Mid-Range Phone
4,3574,32,12,7,6.2,1.8,60,0,1,Budget Phone
7,4272,64,58,13,6.4,2.2,90,1,2,Mid-Range Phone
4,3848,64,13,8,6.1,1.4,60,0,2,Budget Phone
12,4540,128,98,26,6.5,2.6,120,1,2,Premium Phone
10,5078,128,48,21,6.7,3.2,120,1,2,Premium Phone
8,4176,128,47,11,6.1,2.3,60,0,2,Mid-Range Phone
4,4941,128,19,13,6.5,2.6,60,1,1,Mid-Range Phone
11,5214,256,104,23,6.8,3.2,90,1,3,Premium Phone
3,3919,64,16,5,5.8,1.5,60,0,2,Budget Phone
7,4546,128,51,9,6.2,2.5,60,1,2,Mid-Range Phone
8,4679,256,63,32,6.6,2.8,90,1,2,Premium Phone
6,5188,128,58,9,6.3,2.6,60,1,2,Mid-Range Phone
12,5318,256,52,27,6.7,2.7,120,1,3,Premium Phone
5,5045,64,52,14,6.4,2.0,90,1,1,Mid-Range Phone
5,4018,128,44,8,6.4,2.3,60,0,2,Mid-Range Phone
2,4092,64,13,5,6.1,1.8,60,0,1,Budget Phone
4,3866,64,15,8,5.7,1.5,60,0,1,Budget Phone
12,5034,512,81,42,6.9,3.0,144,1,2,Flagship Phone
11,4616,128,66,27,6.5,3.0,120,0,2,Premium Phone
6,5180,128,64,15,6.3,2.5,60,0,1,Mid-Range Phone
4,3784,64,8,6,6.2,1.7,60,0,2,Budget Phone
8,4654,128,69,23,6.5,2.9,120,1,2,Premium Phone
11,5160,256,52,30,6.8,2.9,90,1,2,Premium Phone
10,5387,128,89,28,6.8,2.7,90,1,2,Premium Phone
4,3797,64,15,7,6.0,1.7,60,0,1,Budget Phone
8,5479,128,26,8,6.5,2.5,90,0,1,Mid-Range Phone
2,4260,64,16,5,5.9,1.8,60,0,1,Budget Phone
3,4219,32,10,6,5.8,1.6,60,0,2,Budget Phone
6,4556,64,32,13,6.4,2.5,60,1,2,Mid-Range Phone
8,4905,128,41,9,6.3,2.1,90,0,1,Mid-Range Phone
4,4946,128,23,8,6.5,2.4,90,1,1,Mid-Range Phone
4,4108,64,59,10,6.4,2.1,60,0,2,Mid-Range Phone
4,3395,32,8,7,5.9,1.9,60,0,1,Budget Phone
12,5786,512,102,44,6.5,3.4,144,1,3,Flagship Phone
4,3320,32,10,6,5.7,1.5,60,0,2,Budget Phone
6,5088,64,61,14,6.5,2.2,90,0,2,Mid-Range Phone
12,5067,256,72,35,6.8,3.4,120,1,2,Flagship Phone
16,5232,512,128,37,6.9,3.2,144,1,3,Flagship Phone
8,4656,256,95,22,6.5,3.1,120,1,3,Premium Phone
13,5002,256,96,57,6.9,3.5,144,1,3,Flagship Phone
9,4568,256,100,31,6.6,2.7,90,0,2,Premium Phone
9,5165,128,51,27,6.4,2.8,90,0,3,Premium Phone
9,4631,128,74,21,6.6,3.1,90,1,3,Premium Phone
10,4613,256,85,29,6.7,3.1,120,1,3,Premium Phone
3,4279,32,9,5,5.7,1.4,60,1,1,Budget Phone
10,5087,128,107,18,6.6,2.6,120,1,3,Premium Phone
9,5412,256,89,18,6.7,2.8,120,1,2,Premium Phone
5,4990,128,62,12,6.1,2.3,60,0,2,Mid-Range Phone
13,4831,512,88,47,7.0,3.1,144,1,3,Flagship Phone
15,4916,512,76,36,6.6,3.5,144,1,3,Flagship Phone
6,4925,64,59,9,6.3,2.2,90,0,1,Mid-Range Phone
2,3728,64,15,5,6.2,1.9,60,0,2,Budget Phone
13,5007,512,157,47,6.9,3.4,144,1,3,Flagship Phone
16,4837,256,153,50,6.7,3.6,144,1,3,Flagship Phone
7,5257,64,46,10,6.3,2.5,60,1,2,Mid-Range Phone
6,5076,64,36,12,6.1,2.6,60,0,1,Mid-Range Phone
4,3689,32,15,6,6.1,1.8,60,0,2,Budget Phone
4,5163,128,51,8,6.3,2.3,90,1,2,Mid-Range Phone
3,3498,32,9,5,6.2,1.9,60,0,2,Budget Phone
8,4545,256,96,18,6.7,3.1,90,1,2,Premium Phone
8,5127,64,39,11,6.2,2.2,90,0,2,Mid-Range Phone
11,4865,128,51,19,6.7,2.6,90,1,3,Premium Phone
4,4442,64,59,15,6.5,2.1,90,0,2,Mid-Range Phone
12,5174,256,85,58,6.6,3.3,144,1,3,Flagship Phone
13,5446,512,101,38,6.9,3.5,120,1,3,Flagship Phone
11,5496,128,106,27,6.7,2.8,90,0,3,Premium Phone
16,5922,256,88,49,6.5,3.3,120,1,3,Flagship Phone
14,5398,256,87,60,6.7,3.6,120,1,3,Flagship Phone
4,3825,32,10,7,6.2,1.5,60,0,1,Budget Phone
9,4903,256,82,25,6.6,2.7,120,1,2,Premium Phone
5,4197,64,19,9,6.0,2.1,60,1,1,Mid-Range Phone
3,4346,32,9,5,5.9,1.7,60,0,1,Budget Phone
2,3035,64,15,6,5.7,1.5,60,0,1,Budget Phone
4,5201,64,32,16,6.4,2.3,90,1,1,Mid-Range Phone
3,3452,32,10,6,6.1,1.9,60,0,1,Budget Phone
12,5428,128,52,24,6.4,3.1,120,1,2,Premium Phone
4,4324,64,35,14,6.4,2.3,90,1,1,Mid-Range Phone
4,4319,64,55,13,6.2,2.3,90,0,2,Mid-Range Phone
4,5372,128,62,13,6.1,2.3,90,0,2,Mid-Range Phone
2,4417,64,15,5,5.5,1.6,60,0,1,Budget Phone
3,4203,32,8,6,6.0,1.9,60,0,2,Budget Phone
4,4293,128,56,16,6.6,2.1,90,0,2,Mid-Range Phone
10,4643,256,91,21,6.4,2.7,120,1,2,Premium Phone
5,4136,128,60,13,6.3,2.5,90,0,2,Mid-Range Phone
6,4865,128,51,13,6.1,2.1,90,0,2,Mid-Range Phone
9,5367,128,97,26,6.8,2.9,120,1,2,Premium Phone
4,3154,32,12,6,5.9,1.7,60,0,1,Budget Phone
2,4199,64,8,7,5.8,1.6,60,0,1,Budget Phone
6,5469,64,49,10,6.3,2.0,90,1,2,Mid-Range Phone
3,4416,64,13,6,6.0,1.9,60,0,1,Budget Phone
4,5186,64,60,15,6.3,2.2,90,1,2,Mid-Range Phone
13,5372,256,171,39,6.7,3.3,144,1,3,Flagship Phone
10,5328,256,93,29,6.5,3.1,120,1,3,Premium Phone
16,5874,256,76,54,6.9,3.1,120,1,3,Flagship Phone
15,5400,512,135,38,6.8,3.0,144,1,3,Flagship Phone
12,5160,128,51,28,6.4,2.9,90,1,3,Premium Phone
4,4442,128,20,14,6.5,2.3,90,1,2,Mid-Range Phone
8,4259,128,16,8,6.1,2.4,60,1,2,Mid-Range Phone
12,4860,256,107,55,6.6,3.6,120,1,3,Flagship Phone
16,5647,256,170,48,7.0,3.0,144,1,3,Flagship Phone
7,5132,128,62,16,6.2,2.4,90,0,1,Mid-Range Phone
4,3550,32,15,6,5.9,1.7,60,0,2,Budget Phone
4,4541,64,54,14,6.4,2.4,90,0,1,Mid-Range Phone
6,4611,128,18,13,6.0,2.3,60,0,1,Mid-Range Phone
2,4300,64,8,7,5.9,1.7,60,0,1,Budget Phone
8,4362,64,28,8,6.1,2.2,90,1,2,Mid-Range Phone
10,5455,128,73,27,6.5,3.1,120,1,3,Premium Phone
5,4581,128,64,11,6.5,2.6,60,0,2,Mid-Range Phone
13,5300,256,78,54,6.5,3.4,120,1,3,Flagship Phone
12,5545,256,175,37,6.9,3.2,120,1,3,Flagship Phone
13,5776,512,103,53,6.6,3.3,144,1,2,Flagship Phone
4,4115,32,13,6,5.7,1.6,60,0,2,Budget Phone
4,5046,64,25,11,6.0,2.0,60,0,2,Mid-Range Phone
8,4596,128,84,26,6.6,3.2,120,0,3,Premium Phone
3,3980,64,13,5,5.7,1.5,60,0,1,Budget Phone
4,3396,32,11,7,5.8,1.5,60,0,1,Budget Phone
12,4856,512,85,47,6.5,3.1,144,1,2,Flagship Phone
4,3726,64,13,6,5.6,2.0,60,0,1,Budget Phone
3,3956,64,8,5,6.2,1.7,60,0,1,Budget Phone
4,3656,64,8,7,5.6,2.0,60,0,1,Budget Phone
14,5260,512,135,52,6.8,3.1,144,1,3,Flagship Phone
8,5237,64,57,15,6.2,2.3,60,0,1,Mid-Range Phone
4,3681,64,14,6,5.9,1.5,60,0,1,Budget Phone
11,4854,128,63,28,6.4,2.7,90,0,3,Premium Phone
4,4098,64,11,8,5.8,1.7,60,0,2,Budget Phone
12,4822,256,187,51,6.6,3.1,144,1,3,Flagship Phone
4,4218,32,8,7,5.6,1.4,60,0,2,Budget Phone
4,4125,128,20,9,6.2,2.5,60,0,2,Mid-Range Phone
8,5435,128,85,30,6.7,2.6,90,0,2,Premium Phone
8,4245,128,24,14,6.3,2.4,90,0,2,Mid-Range Phone
16,5581,256,124,51,6.6,3.3,144,1,3,Flagship Phone
4,4263,128,56,16,6.4,2.2,60,0,2,Mid-Range Phone
12,5487,512,81,40,6.5,3.6,144,1,2,Flagship Phone
2,4129,64,11,7,5.7,1.7,60,1,1,Budget Phone
7,4374,128,53,9,6.3,2.5,90,1,1,Mid-Range Phone
13,4880,256,150,50,6.7,3.1,144,1,3,Flagship Phone
6,5097,64,24,11,6.3,2.3,90,0,2,Mid-Range Phone
3,4458,32,16,5,6.1,1.8,60,0,1,Budget Phone
16,5565,256,160,49,6.5,3.2,120,1,3,Flagship Phone
14,5219,512,113,37,6.8,3.5,144,1,3,Flagship Phone
5,4632,128,63,9,6.2,2.0,90,0,1,Mid-Range Phone
14,5090,256,198,41,6.6,3.3,120,1,2,Flagship Phone
3,4415,32,14,7,6.0,1.8,60,0,2,Budget Phone
5,4208,64,44,13,6.5,2.1,60,1,1,Mid-Range Phone
8,5037,256,77,32,6.5,3.1,90,0,3,Premium Phone
4,4138,128,39,10,6.1,2.4,60,1,2,Mid-Range Phone
6,4796,64,53,12,6.5,2.1,90,1,1,Mid-Range Phone
10,4675,128,52,19,6.6,2.9,120,1,3,Premium Phone
11,4633,128,67,22,6.8,2.8,120,1,3,Premium Phone
4,3675,32,14,5,5.6,1.8,60,0,1,Budget Phone
11,5398,256,52,30,6.7,2.6,90,1,2,Premium Phone
11,4570,128,63,21,6.4,3.0,120,1,2,Premium Phone
14,5584,256,193,33,7.0,3.2,120,1,2,Flagship Phone
12,4922,256,96,54,6.9,3.3,144,1,2,Flagship Phone
4,5256,64,51,16,6.3,2.1,90,1,2,Mid-Range Phone
12,4907,128,97,25,6.7,3.0,120,0,2,Premium Phone
11,4593,256,104,24,6.8,2.9,90,1,2,Premium Phone
12,5368,512,167,46,6.9,3.5,144,1,3,Flagship Phone
13,5041,256,139,53,6.5,3.5,120,1,3,Flagship Phone
4,4286,128,27,10,6.3,2.6,90,1,2,Mid-Range Phone
5,5304,64,23,8,6.3,2.4,60,1,1,Mid-Range Phone
12,4923,256,117,47,6.9,3.0,144,1,3,Flagship Phone
4,4191,32,16,5,5.5,1.4,60,0,1,Budget Phone
15,5056,512,109,59,7.0,3.4,144,1,3,Flagship Phone
4,4039,32,15,6,6.0,1.6,60,0,1,Budget Phone
3,4409,32,16,5,6.1,1.8,60,0,1,Budget Phone
2,4081,64,8,7,6.1,1.4,60,0,2,Budget Phone
4,4140,128,51,10,6.6,2.2,60,1,2,Mid-Range Phone
10,4665,256,101,17,6.7,3.1,90,1,3,Premium Phone
6,4910,128,41,8,6.3,2.1,90,1,2,Mid-Range Phone
3,3991,32,13,8,6.0,1.9,60,0,2,Budget Phone
8,4591,256,78,23,6.5,2.9,90,1,3,Premium Phone
6,5125,128,29,9,6.2,2.5,90,0,1,Mid-Range Phone
13,5631,256,112,59,6.8,3.4,144,1,2,Flagship Phone
4,4449,128,19,11,6.3,2.6,90,1,2,Mid-Range Phone
12,4956,128,98,22,6.4,2.7,120,1,3,Premium Phone
6,5381,64,18,9,6.2,2.1,90,0,2,Mid-Range Phone
8,5324,256,72,20,6.5,3.0,120,1,2,Premium Phone
6,4898,64,45,13,6.2,2.1,90,0,2,Mid-Range Phone
6,5140,64,60,16,6.3,2.2,60,1,2,Mid-Range Phone
4,4186,64,10,5,5.5,1.7,60,0,1,Budget Phone
4,5408,128,37,9,6.3,2.2,90,1,2,Mid-Range Phone
13,5704,512,115,60,6.6,3.2,144,1,3,Flagship Phone
8,5151,64,62,10,6.2,2.4,60,1,2,Mid-Range Phone
10,5228,256,96,28,6.5,3.1,120,1,2,Premium Phone
8,4513,256,73,19,6.7,2.7,120,1,3,Premium Phone
4,3789,32,8,7,6.1,1.8,60,0,1,Budget Phone
6,4276,64,36,10,6.5,2.5,60,0,2,Mid-Range Phone
2,3263,64,13,8,5.7,1.8,60,0,1,Budget Phone
14,5158,256,175,46,6.8,3.5,120,1,2,Flagship Phone
8,5336,128,36,12,6.0,2.1,60,1,1,Mid-Range Phone
2,3407,32,9,7,5.8,1.8,60,1,1,Budget Phone
15,5795,256,134,60,6.9,3.5,120,1,3,Flagship Phone
4,4308,32,8,5,6.0,2.0,60,0,1,Budget Phone
15,5260,512,68,34,6.6,3.2,144,1,3,Flagship Phone
16,5367,256,173,55,7.0,3.5,144,1,3,Flagship Phone
4,3412,64,11,6,5.9,1.6,60,0,1,Budget Phone
2,3565,64,10,7,5.9,1.8,60,0,1,Budget Phone
2,3773,32,8,8,5.6,1.7,60,0,2,Budget Phone
7,5457,128,44,15,6.2,2.5,90,0,1,Mid-Range Phone
13,4806,512,154,44,6.6,3.3,120,1,3,Flagship Phone
5,4785,64,33,13,6.6,2.4,90,0,2,Mid-Range Phone
13,4859,512,99,43,6.5,3.3,120,1,3,Flagship Phone
7,5089,64,22,12,6.1,2.0,90,0,1,Mid-Range Phone
8,5126,256,75,29,6.7,2.6,90,1,2,Premium Phone
12,5400,512,145,35,7.0,3.1,144,1,2,Flagship Phone
7,4044,128,21,14,6.0,2.2,60,0,2,Mid-Range Phone
6,5092,128,58,10,6.5,2.5,60,0,1,Mid-Range Phone
16,5698,512,161,54,6.7,3.4,120,1,3,Flagship Phone
3,3487,64,12,7,5.8,1.5,60,0,1,Budget Phone
4,4300,32,11,7,6.1,1.4,60,0,2,Budget Phone
5,4903,128,38,14,6.2,2.2,90,0,1,Mid-Range Phone
2,3473,64,16,6,5.9,1.6,60,0,1,Budget Phone
12,5135,512,95,50,7.0,3.3,144,1,3,Flagship Phone
3,3703,32,13,7,5.9,1.7,60,0,1,Budget Phone
12,4845,256,101,40,6.5,3.1,144,1,3,Flagship Phone
3,3860,64,12,7,6.0,1.9,60,0,1,Budget Phone
6,4973,128,52,15,6.1,2.1,60,1,2,Mid-Range Phone
15,5825,256,163,34,6.6,3.6,144,1,3,Flagship Phone
9,4573,128,62,18,6.5,2.6,120,1,2,Premium Phone
4,5378,64,60,8,6.6,2.1,60,0,2,Mid-Range Phone
3,3625,64,10,7,5.5,1.6,60,0,1,Budget Phone
12,5315,256,158,32,7.0,3.2,120,1,3,Flagship Phone
6,5475,128,32,13,6.6,2.0,90,0,2,Mid-Range Phone
2,4276,32,13,5,5.7,1.8,60,0,1,Budget Phone
3,3335,32,14,7,5.7,1.6,60,0,2,Budget Phone
15,5624,256,113,55,6.6,3.0,144,1,2,Flagship Phone
2,3876,32,15,6,5.8,1.9,60,0,1,Budget Phone
13,5406,256,122,49,6.8,3.2,120,1,3,Flagship Phone
12,4667,128,102,22,6.7,2.9,120,1,3,Premium Phone
15,4805,256,135,37,7.0,3.4,120,1,2,Flagship Phone
2,4008,64,16,7,5.5,1.8,60,0,1,Budget Phone
4,4195,64,13,8,6.1,1.8,60,0,1,Budget Phone
2,3853,32,12,5,5.8,2.0,60,0,1,Budget Phone
9,4935,128,67,20,6.8,2.8,90,1,3,Premium Phone
6,5264,128,38,14,6.1,2.5,90,0,2,Mid-Range Phone
10,5235,128,77,20,6.5,2.7,120,0,3,Premium Phone
15,5781,256,183,37,6.5,3.3,120,1,3,Flagship Phone
16,5015,256,139,56,6.9,3.3,144,1,3,Flagship Phone
7,5288,128,39,15,6.0,2.5,60,0,2,Mid-Range Phone
6,5315,128,42,11,6.6,2.4,60,1,1,Mid-Range Phone
2,3437,32,14,8,6.2,1.8,60,0,1,Budget Phone
12,4625,256,59,20,6.5,2.6,120,1,3,Premium Phone
10,5220,128,60,27,6.4,3.2,120,1,2,Premium Phone
10,4572,128,79,17,6.7,3.0,90,0,3,Premium Phone
12,5258,256,73,54,6.7,3.2,144,1,3,Flagship Phone
4,4138,128,52,14,6.6,2.5,60,0,1,Mid-Range Phone
8,4833,128,84,32,6.6,2.7,90,0,2,Premium Phone
13,5715,256,82,47,7.0,3.4,120,1,3,Flagship Phone
8,4163,128,18,12,6.1,2.2,60,1,1,Mid-Range Phone
5,5309,128,57,11,6.5,2.4,60,0,2,Mid-Range Phone
3,4122,64,11,6,6.2,1.5,60,1,1,Budget Phone
8,4875,256,93,24,6.7,2.9,90,1,2,Premium Phone
14,5888,256,180,41,6.7,3.5,144,1,3,Flagship Phone
7,4021,128,22,13,6.4,2.0,90,1,1,Mid-Range Phone
6,4557,64,44,15,6.4,2.1,60,1,1,Mid-Range Phone
8,5085,128,62,21,6.5,2.7,90,1,2,Premium Phone
4,3153,64,15,5,6.0,1.7,60,0,1,Budget Phone
3,4045,64,9,8,5.7,1.7,60,0,2,Budget Phone
16,5126,256,92,34,6.9,3.4,120,1,3,Flagship Phone
12,4688,256,102,25,6.5,2.6,120,1,2,Premium Phone
7,4623,64,33,16,6.1,2.1,90,0,1,Mid-Range Phone
2,3252,64,15,6,6.0,1.8,60,0,2,Budget Phone
2,3278,64,13,7,5.6,1.9,60,0,1,Budget Phone
13,4871,512,84,60,6.7,3.1,144,1,2,Flagship Phone
2,3595,32,8,5,5.6,1.9,60,0,1,Budget Phone
9,4660,128,66,20,6.7,3.2,90,1,2,Premium Phone
6,4434,64,43,14,6.3,2.5,60,0,2,Mid-Range Phone
8,5095,128,68,29,6.7,2.6,120,1,3,Premium Phone
15,5359,256,123,60,6.8,3.4,120,1,3,Flagship Phone
8,5229,256,81,17,6.5,2.8,120,1,3,Premium Phone
9,4851,256,59,25,6.6,3.1,120,1,2,Premium Phone
8,4699,256,105,17,6.8,2.6,120,0,2,Premium Phone
4,5011,64,63,11,6.4,2.0,60,1,1,Mid-Range Phone
12,4704,128,48,26,6.6,2.8,90,1,3,Premium Phone
12,4838,128,66,17,6.7,2.7,120,0,2,Premium Phone
8,5326,128,30,10,6.1,2.1,90,1,2,Mid-Range Phone
4,5207,64,47,10,6.0,2.0,60,0,2,Mid-Range Phone
8,5026,128,52,24,6.7,2.8,90,1,3,Premium Phone
13,5912,512,145,56,6.9,3.2,120,1,3,Flagship Phone
15,5685,256,191,34,6.9,3.2,144,1,3,Flagship Phone
8,4786,64,17,16,6.0,2.2,90,1,2,Mid-Range Phone
6,4398,128,44,10,6.4,2.3,90,1,2,Mid-Range Phone
3,4311,32,10,7,6.1,2.0,60,0,1,Budget Phone
16,5711,256,103,44,6.8,3.2,144,1,3,Flagship Phone
12,5280,256,102,31,6.7,3.1,120,1,3,Premium Phone
4,4935,128,54,16,6.3,2.0,60,1,2,Mid-Range Phone
12,5349,256,68,37,6.6,3.4,120,1,3,Flagship Phone
12,5066,128,62,20,6.7,3.2,90,1,3,Premium Phone
2,3313,64,11,7,6.2,2.0,60,0,1,Budget Phone
7,5488,128,16,16,6.4,2.3,90,1,1,Mid-Range Phone
11,5346,256,107,16,6.7,3.2,120,1,3,Premium Phone
9,5293,256,62,16,6.6,2.9,120,0,3,Premium Phone
2,3920,32,16,7,5.8,1.8,60,0,1,Budget Phone
16,4846,512,162,33,6.7,3.1,120,1,3,Flagship Phone
5,4357,64,55,13,6.4,2.1,90,1,1,Mid-Range Phone
11,5245,256,107,24,6.4,3.0,120,1,3,Premium Phone
14,5349,256,101,39,6.7,3.3,120,1,3,Flagship Phone
12,5004,512,110,42,6.8,3.4,120,1,2,Flagship Phone
4,3639,32,11,8,5.8,1.7,60,0,1,Budget Phone
4,5017,64,22,13,6.2,2.2,90,0,2,Mid-Range Phone
12,4932,256,64,25,6.7,3.0,90,1,3,Premium Phone
4,5228,128,40,14,6.5,2.1,90,1,2,Mid-Range Phone
4,4243,32,12,6,5.6,1.7,60,1,2,Budget Phone
2,4295,64,16,7,5.7,1.5,60,0,1,Budget Phone
7,4498,128,19,13,6.5,2.4,60,1,2,Mid-Range Phone
7,4817,64,21,14,6.3,2.1,60,1,1,Mid-Range Phone
4,3095,32,15,6,6.0,1.5,60,0,1,Budget Phone
8,5129,128,50,28,6.5,2.6,120,1,3,Premium Phone
4,4510,128,56,10,6.3,2.1,90,0,1,Mid-Range Phone
10,4512,256,100,32,6.7,3.1,120,0,3,Premium Phone
8,5037,64,37,14,6.5,2.2,90,1,1,Mid-Range Phone
15,5178,512,70,46,6.7,3.5,120,1,3,Flagship Phone
10,4531,128,82,30,6.7,2.8,90,1,3,Premium Phone
8,4698,128,51,22,6.5,2.7,120,1,2,Premium Phone
13,5442,256,103,54,6.6,3.5,120,1,3,Flagship Phone
15,5890,512,64,56,6.5,3.0,144,1,3,Flagship Phone
15,5871,512,146,39,6.7,3.4,120,1,2,Flagship Phone
12,4855,256,195,51,6.6,3.5,144,1,3,Flagship Phone
2,3760,64,15,6,5.7,1.8,60,0,1,Budget Phone
5,5007,128,44,9,6.5,2.0,60,1,2,Mid-Range Phone
2,3954,32,11,7,6.1,1.4,60,0,2,Budget Phone
13,5724,256,71,40,6.9,3.1,144,1,3,Flagship Phone
6,5110,128,52,9,6.4,2.6,60,1,1,Mid-Range Phone
9,5047,256,52,19,6.7,2.9,120,1,2,Premium Phone
12,5233,256,64,55,6.6,3.3,144,1,3,Flagship Phone
12,5286,256,102,30,6.5,2.7,120,1,3,Premium Phone
3,3379,32,11,7,6.2,1.8,60,0,1,Budget Phone
2,4109,64,10,8,6.0,1.7,60,0,2,Budget Phone
2,3399,32,12,5,5.5,1.7,60,0,1,Budget Phone
5,4732,128,42,14,6.0,2.6,90,0,1,Mid-Range Phone
3,4388,32,10,6,6.1,1.5,60,0,1,Budget Phone
4,4299,64,35,16,6.3,2.3,90,1,1,Mid-Range Phone
12,5453,256,81,17,6.5,3.1,120,0,3,Premium Phone
12,4911,256,133,51,6.8,3.3,120,1,3,Flagship Phone
13,4862,256,128,57,6.7,3.1,144,1,3,Flagship Phone
9,4718,256,60,16,6.8,2.7,120,1,3,Premium Phone
12,5087,256,156,60,6.7,3.2,144,1,2,Flagship Phone
5,4304,64,31,11,6.5,2.0,60,0,2,Mid-Range Phone
5,4880,64,49,9,6.3,2.6,90,1,2,Mid-Range Phone
16,5342,512,79,40,6.7,3.3,144,1,3,Flagship Phone
4,3895,64,13,6,5.9,1.6,60,0,2,Budget Phone
3,3801,64,14,5,5.6,1.9,60,0,1,Budget Phone
16,5507,256,64,57,6.9,3.5,120,1,3,Flagship Phone
13,5698,256,174,39,6.9,3.0,120,1,3,Flagship Phone
4,3902,32,9,6,5.6,1.9,60,1,1,Budget Phone
13,5569,512,81,43,6.9,3.3,144,1,3,Flagship Phone
3,3017,64,14,8,5.7,1.9,60,0,2,Budget Phone
10,4821,256,99,22,6.7,2.9,90,1,2,Premium Phone
2,3176,32,16,5,5.5,1.9,60,0,1,Budget Phone
12,5011,128,84,21,6.7,2.9,90,1,3,Premium Phone
3,4062,64,11,8,5.9,1.8,60,0,2,Budget Phone
7,4146,128,44,8,6.2,2.1,90,1,2,Mid-Range Phone
8,5330,256,104,22,6.7,2.9,120,1,3,Premium Phone
4,3790,64,8,5,5.8,2.0,60,1,2,Budget Phone
3,3853,32,16,6,5.5,1.4,60,0,1,Budget Phone
12,5289,512,137,46,6.5,3.1,144,1,3,Flagship Phone
7,4888,64,32,14,6.2,2.4,60,0,1,Mid-Range Phone
8,4682,128,22,8,6.1,2.4,90,1,1,Mid-Range Phone
9,4600,128,62,29,6.7,2.6,90,1,3,Premium Phone
3,4011,32,12,6,5.7,1.5,60,0,2,Budget Phone
3,4392,64,16,5,5.9,1.7,60,0,2,Budget Phone
3,3753,32,12,5,5.8,1.9,60,0,1,Budget Phone
5,5283,64,49,14,6.2,2.6,60,0,1,Mid-Range Phone
16,5764,256,170,41,6.9,3.1,144,1,3,Flagship Phone
7,5489,64,39,16,6.4,2.4,90,0,1,Mid-Range Phone
4,3304,32,16,8,6.0,1.4,60,0,1,Budget Phone
9,5082,128,76,32,6.5,3.0,90,1,2,Premium Phone
15,5993,512,186,58,6.9,3.6,120,1,3,Flagship Phone
12,4581,256,48,22,6.7,3.1,90,1,3,Premium Phone
4,4507,64,62,13,6.6,2.4,90,0,1,Mid-Range Phone
9,5108,128,73,17,6.7,2.7,90,1,3,Premium Phone
9,5192,256,87,24,6.4,2.8,120,1,3,Premium Phone
12,5124,256,194,32,6.8,3.0,120,1,2,Flagship Phone
8,4958,128,91,31,6.7,2.6,120,1,3,Premium Phone
4,4076,32,9,7,5.5,1.5,60,1,1,Budget Phone
2,4365,32,14,5,6.2,1.5,60,0,2,Budget Phone
6,4647,128,16,15,6.3,2.2,90,1,2,Mid-Range Phone
10,4651,128,97,29,6.7,3.1,120,1,3,Premium Phone
13,4938,512,129,56,6.9,3.5,120,1,2,Flagship Phone
2,3699,32,15,8,5.9,1.8,60,0,1,Budget Phone
12,4526,256,79,29,6.4,2.9,120,1,2,Premium Phone
9,4630,256,95,17,6.5,2.7,90,1,3,Premium Phone
12,5807,256,65,38,6.6,3.1,144,1,2,Flagship Phone
10,4725,256,100,23,6.4,2.7,120,1,3,Premium Phone
14,5867,256,188,42,6.6,3.4,144,1,3,Flagship Phone
14,5670,256,96,49,6.9,3.5,144,1,2,Flagship Phone
4,4377,64,12,7,6.2,1.8,60,0,2,Budget Phone
11,5180,128,84,21,6.5,3.0,120,0,3,Premium Phone
7,4508,128,57,10,6.0,2.3,60,1,1,Mid-Range Phone
3,3662,64,12,8,6.0,1.7,60,0,1,Budget Phone
10,4589,256,78,19,6.7,2.7,120,1,2,Premium Phone
3,4396,32,16,5,6.0,1.5,60,0,1,Budget Phone
4,5439,64,51,12,6.0,2.1,90,1,1,Mid-Range Phone
12,5030,128,51,28,6.6,2.9,120,1,3,Premium Phone
3,3340,32,9,7,5.7,1.9,60,0,1,Budget Phone
4,3470,32,9,8,5.8,1.7,60,0,1,Budget Phone
2,3397,32,13,6,5.8,1.5,60,0,1,Budget Phone
11,5347,256,54,16,6.5,2.9,120,1,3,Premium Phone
14,5332,512,69,55,6.7,3.5,144,1,2,Flagship Phone
3,3496,32,13,5,6.1,1.5,60,0,1,Budget Phone
4,3738,64,15,6,5.8,1.8,60,0,1,Budget Phone
15,5272,256,81,55,6.6,3.2,144,1,3,Flagship Phone
8,4479,64,60,16,6.5,2.1,60,0,2,Mid-Range Phone
13,5425,256,183,60,6.7,3.0,120,1,3,Flagship Phone
11,4932,256,94,32,6.7,2.7,90,1,3,Premium Phone
8,5074,128,83,22,6.5,2.7,120,1,3,Premium Phone
12,4770,256,80,27,6.5,3.1,120,1,2,Premium Phone
5,5367,64,58,11,6.2,2.6,60,0,1,Mid-Range Phone
6,4673,64,17,15,6.1,2.3,60,0,1,Mid-Range Phone
9,5109,128,88,28,6.5,3.0,120,1,2,Premium Phone
7,4261,64,43,12,6.3,2.4,60,1,1,Mid-Range Phone
2,4369,64,13,6,6.1,1.5,60,0,1,Budget Phone
4,3992,32,15,5,6.0,1.8,60,1,1,Budget Phone
14,4938,512,71,48,6.8,3.1,144,1,2,Flagship Phone
7,5366,128,24,16,6.1,2.0,60,1,2,Mid-Range Phone
12,4946,256,98,24,6.5,2.9,120,1,3,Premium Phone
10,4573,256,80,19,6.4,2.8,90,1,3,Premium Phone
3,3279,64,16,5,6.2,2.0,60,0,2,Budget Phone
9,4836,256,108,30,6.7,3.0,120,0,3,Premium Phone
9,4548,256,62,24,6.6,3.2,120,1,2,Premium Phone
8,4941,64,58,15,6.2,2.5,60,1,2,Mid-Range Phone
12,4933,256,119,35,6.6,3.2,120,1,3,Flagship Phone
3,3369,64,11,5,5.6,1.4,60,0,1,Budget Phone
8,4000,128,30,16,6.4,2.3,60,0,2,Mid-Range Phone
9,4509,256,87,32,6.4,3.0,120,1,2,Premium Phone
8,4665,64,35,14,6.2,2.2,90,0,1,Mid-Range Phone
16,5640,256,94,54,6.5,3.2,144,1,3,Flagship Phone
14,5846,256,154,35,6.6,3.5,120,1,3,Flagship Phone
6,4124,64,63,16,6.6,2.0,90,0,1,Mid-Range Phone
3,3749,32,13,5,5.9,1.8,60,0,1,Budget Phone
9,4941,128,105,25,6.7,3.1,120,1,2,Premium Phone
3,3815,32,9,5,5.8,1.9,60,0,1,Budget Phone
8,4941,256,78,24,6.5,2.9,120,1,3,Premium Phone
7,5211,128,37,13,6.4,2.2,60,1,1,Mid-Range Phone
10,4986,256,101,27,6.6,3.2,90,1,3,Premium Phone
15,5537,256,158,50,6.6,3.5,120,1,2,Flagship Phone
8,5251,128,41,10,6.5,2.0,60,1,2,Mid-Range Phone
10,4628,128,59,23,6.5,3.1,90,1,2,Premium Phone
7,4543,64,47,10,6.1,2.1,90,1,1,Mid-Range Phone
8,4837,256,71,20,6.8,3.0,120,1,3,Premium Phone
12,5173,256,193,41,6.8,3.5,144,1,3,Flagship Phone
12,4767,128,104,18,6.6,2.9,120,1,3,Premium Phone
2,4215,64,12,8,6.2,1.7,60,0,2,Budget Phone
2,4099,64,12,8,6.1,1.8,60,0,1,Budget Phone
4,3417,64,12,7,5.7,2.0,60,0,2,Budget Phone
11,4801,256,69,20,6.8,2.8,120,1,2,Premium Phone
15,5983,512,179,33,6.7,3.2,120,1,3,Flagship Phone
12,5013,512,87,46,6.5,3.3,144,1,3,Flagship Phone
9,4979,128,94,32,6.5,2.9,120,1,2,Premium Phone
13,4827,256,98,53,6.9,3.3,120,1,2,Flagship Phone
5,5381,128,38,15,6.3,2.3,60,0,2,Mid-Range Phone
2,4150,64,13,7,5.8,1.8,60,0,1,Budget Phone
8,5014,128,68,24,6.4,2.7,90,1,2,Premium Phone
10,4708,256,84,19,6.6,3.2,90,1,3,Premium Phone
11,5013,128,54,27,6.6,2.7,90,1,3,Premium Phone
3,4256,64,14,8,6.1,1.5,60,0,1,Budget Phone
10,5424,128,95,24,6.8,3.1,120,1,2,Premium Phone
15,5312,512,140,60,6.8,3.6,144,1,2,Flagship Phone
11,4629,256,61,30,6.7,2.7,90,1,2,Premium Phone
8,5495,128,57,17,6.6,2.7,90,1,2,Premium Phone
4,5017,64,54,8,6.4,2.0,60,0,2,Mid-Range Phone
14,5183,256,155,42,6.8,3.3,144,1,3,Flagship Phone
12,5214,256,88,21,6.5,2.7,120,1,3,Premium Phone
12,5428,256,96,18,6.4,2.8,90,0,2,Premium Phone
3,4398,32,12,6,6.0,1.5,60,1,1,Budget Phone
2,4003,32,11,8,6.2,1.5,60,0,1,Budget Phone
6,4123,64,27,11,6.1,2.5,90,0,2,Mid-Range Phone
4,4300,64,13,5,5.8,1.7,60,0,1,Budget Phone
15,5594,256,66,42,6.6,3.6,144,1,3,Flagship Phone
12,5577,512,125,48,6.6,3.5,120,1,3,Flagship Phone
2,4227,64,12,8,5.6,2.0,60,0,1,Budget Phone
3,3569,64,15,7,5.7,1.7,60,0,1,Budget Phone
13,5332,512,147,55,7.0,3.0,120,1,3,Flagship Phone
11,5198,256,56,19,6.5,2.6,90,0,3,Premium Phone
12,5474,256,60,32,6.8,3.1,90,1,2,Premium Phone
2,3696,32,10,6,5.9,1.4,60,1,2,Budget Phone
4,4836,64,23,8,6.4,2.2,60,0,1,Mid-Range Phone
5,4082,64,52,8,6.4,2.3,60,1,1,Mid-Range Phone
7,5377,128,47,8,6.3,2.5,90,0,1,Mid-Range Phone
14,5376,256,158,45,6.8,3.1,144,1,3,Flagship Phone
14,5546,512,104,50,7.0,3.5,144,1,3,Flagship Phone
11,4773,256,63,18,6.5,3.1,90,1,3,Premium Phone
14,4922,512,123,50,6.8,3.6,120,1,2,Flagship Phone
5,5238,128,45,13,6.5,2.2,60,1,1,Mid-Range Phone
4,4103,64,39,11,6.4,2.4,90,0,2,Mid-Range Phone
4,4069,32,12,7,5.5,1.4,60,0,1,Budget Phone
4,4200,128,39,8,6.6,2.3,60,1,2,Mid-Range Phone
2,4081,64,12,7,5.8,1.7,60,0,1,Budget Phone
16,5212,512,90,50,6.8,3.1,120,1,3,Flagship Phone
3,3580,32,10,7,6.1,1.5,60,0,1,Budget Phone
3,3469,64,15,7,6.1,1.6,60,0,1,Budget Phone
6,4110,128,51,9,6.3,2.1,90,1,2,Mid-Range Phone
3,3098,64,8,5,6.1,1.9,60,0,1,Budget Phone
3,3911,64,10,5,6.1,1.4,60,0,2,Budget Phone
4,4411,128,19,12,6.5,2.6,60,0,2,Mid-Range Phone
4,5474,128,28,13,6.5,2.5,90,0,2,Mid-Range Phone
12,5758,512,75,51,6.9,3.2,120,1,2,Flagship Phone
15,5932,256,152,56,6.7,3.2,144,1,3,Flagship Phone
8,5359,256,100,22,6.5,3.2,120,1,2,Premium Phone
12,5105,512,186,54,6.7,3.3,144,1,2,Flagship Phone
8,4193,64,49,13,6.0,2.2,60,0,2,Mid-Range Phone
16,5136,256,188,58,6.9,3.2,120,1,2,Flagship Phone
3,4042,32,14,8,5.8,1.6,60,0,1,Budget Phone
16,5182,256,150,58,6.9,3.4,120,1,3,Flagship Phone
9,5142,128,94,22,6.5,2.8,90,1,2,Premium Phone
13,5095,256,76,51,6.7,3.0,120,1,2,Flagship Phone
3,4450,64,14,6,5.6,1.9,60,0,1,Budget Phone
2,3026,32,13,5,5.6,1.4,60,0,1,Budget Phone
4,3698,32,13,8,5.6,1.8,60,0,1,Budget Phone
13,5418,512,184,34,6.6,3.1,120,1,3,Flagship Phone
4,4836,64,26,8,6.0,2.5,90,1,2,Mid-Range Phone
14,5734,512,74,55,6.7,3.1,144,1,3,Flagship Phone
4,5134,64,25,11,6.6,2.2,90,0,2,Mid-Range Phone
4,4066,32,8,6,5.7,1.6,60,0,1,Budget Phone
4,3546,32,10,5,6.2,1.9,60,0,2,Budget Phone
11,5459,256,101,32,6.7,2.7,120,1,3,Premium Phone
12,5056,256,89,32,6.5,2.8,120,1,3,Premium Phone
14,5631,512,127,44,6.6,3.5,144,1,2,Flagship Phone
4,4761,128,55,9,6.2,2.3,90,0,2,Mid-Range Phone
4,4024,64,19,8,6.5,2.4,90,0,1,Mid-Range Phone
9,4753,128,86,26,6.7,2.8,90,0,2,Premium Phone
16,5031,512,189,35,6.8,3.3,144,1,3,Flagship Phone
8,4791,128,89,31,6.7,3.1,90,1,2,Premium Phone
3,3959,32,16,8,6.0,1.8,60,0,2,Budget Phone
16,5025,512,93,57,6.9,3.3,120,1,3,Flagship Phone
13,5994,256,195,33,6.6,3.2,120,1,3,Flagship Phone
4,3431,32,16,8,5.5,1.9,60,0,1,Budget Phone
16,4946,512,76,36,6.7,3.4,120,1,3,Flagship Phone
16,5467,256,111,38,7.0,3.2,120,1,3,Flagship Phone
13,5046,512,149,55,6.6,3.5,120,1,3,Flagship Phone
8,5403,64,35,12,6.2,2.2,90,1,1,Mid-Range Phone
12,5511,512,194,41,6.8,3.4,144,1,2,Flagship Phone
14,4966,256,122,52,6.6,3.2,120,1,3,Flagship Phone
14,5774,256,168,34,6.9,3.4,120,1,3,Flagship Phone
14,5357,512,139,42,7.0,3.5,120,1,3,Flagship Phone
9,5066,256,74,28,6.6,2.8,90,1,3,Premium Phone
4,4939,128,18,8,6.5,2.1,60,1,1,Mid-Range Phone
4,3801,64,15,8,6.0,1.5,60,0,1,Budget Phone
10,5331,256,86,16,6.7,2.8,120,1,3,Premium Phone
15,5278,256,103,51,6.6,3.5,144,1,3,Flagship Phone
3,4141,32,11,6,6.1,1.6,60,0,1,Budget Phone
10,4617,256,51,28,6.7,3.1,90,0,3,Premium Phone
9,4926,128,76,22,6.8,3.2,120,0,2,Premium Phone
14,5603,512,78,40,6.8,3.0,120,1,2,Flagship Phone
11,4586,256,68,19,6.6,3.1,90,1,3,Premium Phone
9,5011,256,108,16,6.7,2.7,90,1,3,Premium Phone
13,5509,256,146,59,6.6,3.1,120,1,3,Flagship Phone
13,5291,256,175,41,6.7,3.3,144,1,3,Flagship Phone
4,3116,64,10,7,5.6,1.4,60,0,1,Budget Phone
14,5006,512,67,34,6.9,3.5,120,1,3,Flagship Phone
14,5658,256,160,34,6.6,3.2,120,1,3,Flagship Phone
7,5036,128,27,12,6.3,2.3,60,1,2,Mid-Range Phone
3,4213,32,13,7,5.8,1.6,60,0,1,Budget Phone
3,4291,64,11,6,6.0,1.7,60,1,2,Budget Phone
14,5897,256,132,44,6.8,3.0,144,1,2,Flagship Phone
12,5421,256,92,25,6.6,2.6,120,0,3,Premium Phone
2,4166,64,15,8,6.0,1.7,60,0,1,Budget Phone
5,4771,64,35,8,6.1,2.4,60,0,1,Mid-Range Phone
6,4081,64,41,9,6.3,2.5,60,1,2,Mid-Range Phone
11,4833,128,62,18,6.7,2.9,90,1,2,Premium Phone
7,4427,128,16,9,6.0,2.1,90,0,1,Mid-Range Phone
15,5216,512,138,48,6.7,3.2,120,1,2,Flagship Phone
12,5969,512,180,40,6.9,3.0,144,1,3,Flagship Phone
10,5219,256,75,32,6.5,2.6,90,0,3,Premium Phone
3,3837,32,10,5,5.9,1.7,60,0,1,Budget Phone
2,3301,32,15,6,6.1,1.9,60,0,1,Budget Phone
2,4497,64,11,5,5.9,2.0,60,0,1,Budget Phone
6,4863,64,50,13,6.3,2.4,90,1,2,Mid-Range Phone
15,5419,512,174,37,6.8,3.3,120,1,3,Flagship Phone
4,3441,32,8,6,5.7,1.5,60,1,1,Budget Phone
12,5778,512,91,34,6.6,3.2,120,1,3,Flagship Phone
10,5239,128,72,19,6.6,2.8,90,0,3,Premium Phone
12,5292,256,143,60,7.0,3.1,144,1,2,Flagship Phone
4,3011,32,8,6,6.0,1.7,60,0,2,Budget Phone
4,4158,64,10,6,5.6,1.7,60,0,1,Budget Phone
4,3512,64,9,5,5.7,1.8,60,0,2,Budget Phone
4,3658,64,10,7,5.7,1.4,60,0,1,Budget Phone
7,4193,64,19,12,6.4,2.2,90,1,2,Mid-Range Phone
9,5017,128,108,22,6.5,3.2,120,1,2,Premium Phone
2,4443,32,11,5,5.7,1.6,60,1,1,Budget Phone
7,5399,128,60,14,6.6,2.2,90,1,1,Mid-Range Phone
12,5111,256,87,26,6.6,2.7,90,1,3,Premium Phone
12,5825,256,172,60,6.6,3.0,144,1,3,Flagship Phone
11,5290,256,75,16,6.4,2.7,90,1,2,Premium Phone
7,5119,128,49,10,6.4,2.1,90,0,2,Mid-Range Phone
8,5219,256,82,25,6.6,3.0,90,1,2,Premium Phone
12,5190,256,155,33,6.7,3.2,120,1,3,Flagship Phone
15,5981,512,77,52,6.6,3.6,120,1,3,Flagship Phone
16,5695,512,93,49,6.9,3.1,144,1,3,Flagship Phone
4,3191,64,8,8,6.1,1.5,60,0,1,Budget Phone
10,5203,256,99,21,6.4,2.9,90,1,3,Premium Phone
3,3884,64,16,8,6.1,1.5,60,0,1,Budget Phone
16,5039,256,136,60,6.5,3.5,120,1,3,Flagship Phone
7,4703,128,42,16,6.4,2.6,60,0,2,Mid-Range Phone
3,3740,32,12,7,6.0,2.0,60,0,1,Budget Phone
12,5124,512,184,48,6.6,3.3,120,1,3,Flagship Phone
6,4140,128,52,9,6.3,2.5,90,1,2,Mid-Range Phone
14,5836,512,80,47,6.8,3.2,120,1,3,Flagship Phone
15,5422,256,144,32,6.6,3.2,120,1,2,Flagship Phone
8,4653,128,71,21,6.7,2.8,90,0,3,Premium Phone
12,4531,128,92,17,6.7,2.7,120,1,2,Premium Phone
14,5385,256,191,53,6.9,3.3,144,1,3,Flagship Phone
13,5565,256,164,43,6.8,3.0,144,1,3,Flagship Phone
6,4846,64,36,14,6.1,2.1,60,1,2,Mid-Range Phone
12,4813,128,95,32,6.8,3.2,90,1,3,Premium Phone
14,5086,512,139,51,6.7,3.3,120,1,3,Flagship Phone
15,5367,256,141,48,6.9,3.5,120,1,2,Flagship Phone
7,4413,64,64,15,6.1,2.6,60,0,1,Mid-Range Phone
9,5036,128,68,28,6.4,3.0,120,1,3,Premium Phone
9,4843,256,59,31,6.7,2.9,90,1,3,Premium Phone
15,5497,256,119,37,6.7,3.4,120,1,2,Flagship Phone
4,3830,64,8,6,6.2,1.7,60,0,1,Budget Phone
4,3119,64,11,8,6.1,1.6,60,0,2,Budget Phone
13,4851,512,177,58,6.8,3.2,144,1,3,Flagship Phone
12,4859,256,104,58,6.8,3.4,120,1,3,Flagship Phone
8,4342,128,57,12,6.3,2.4,90,0,2,Mid-Range Phone
4,4819,128,50,16,6.4,2.6,60,0,2,Mid-Range Phone
16,5992,512,152,45,6.9,3.5,120,1,3,Flagship Phone
15,5164,256,109,42,6.8,3.3,144,1,3,Flagship Phone
12,5163,512,149,36,6.5,3.5,144,1,3,Flagship Phone
9,5416,128,91,21,6.7,2.7,90,1,2,Premium Phone
4,5350,64,63,15,6.5,2.4,60,0,2,Mid-Range Phone
4,3093,32,12,8,6.1,1.6,60,0,1,Budget Phone
11,5120,256,58,27,6.5,3.0,120,1,3,Premium Phone
3,3635,64,10,6,6.1,1.5,60,0,2,Budget Phone
11,5028,256,86,28,6.6,2.7,90,0,2,Premium Phone
16,5980,512,188,50,7.0,3.5,144,1,3,Flagship Phone
4,4312,32,15,7,6.2,1.8,60,0,1,Budget Phone
9,4803,256,61,16,6.6,2.9,90,1,2,Premium Phone
2,3728,64,12,7,5.6,1.9,60,0,2,Budget Phone
2,4407,64,16,8,5.8,1.5,60,0,1,Budget Phone
14,5903,256,200,57,7.0,3.3,144,1,3,Flagship Phone
7,5327,128,35,13,6.1,2.1,90,1,1,Mid-Range Phone
3,3443,32,12,7,5.7,1.7,60,0,2,Budget Phone
2,4123,64,8,7,6.0,1.9,60,0,1,Budget Phone
10,4833,256,68,21,6.6,3.2,120,1,2,Premium Phone
4,3114,32,11,5,6.2,1.4,60,0,2,Budget Phone
13,5569,256,140,40,7.0,3.4,144,1,3,Flagship Phone
7,4063,128,59,9,6.1,2.6,90,0,2,Mid-Range Phone
12,4897,256,104,16,6.8,2.8,120,1,2,Premium Phone
2,4498,32,14,5,5.9,1.4,60,0,1,Budget Phone
10,4786,128,92,22,6.7,3.0,90,1,2,Premium Phone
2,3956,32,9,6,5.7,1.5,60,0,1,Budget Phone
2,4148,32,13,8,5.9,1.9,60,1,1,Budget Phone
8,5485,256,57,24,6.5,3.0,120,1,3,Premium Phone
12,5560,512,163,34,6.6,3.3,144,1,3,Flagship Phone
13,4873,512,175,46,7.0,3.4,144,1,3,Flagship Phone
6,4719,128,41,8,6.6,2.4,90,1,1,Mid-Range Phone
11,4596,256,95,24,6.5,2.8,120,1,3,Premium Phone
16,4985,256,123,34,6.6,3.1,120,1,3,Flagship Phone
7,4541,128,31,15,6.3,2.5,90,1,2,Mid-Range Phone
8,4769,128,106,19,6.7,2.6,120,1,3,Premium Phone
8,4928,256,57,29,6.5,2.9,120,0,2,Premium Phone
14,5988,512,186,37,7.0,3.3,144,1,3,Flagship Phone
10,5046,128,68,18,6.6,2.7,120,1,2,Premium Phone
10,5045,128,91,28,6.6,2.9,90,1,3,Premium Phone
16,5771,512,131,44,6.9,3.0,144,1,2,Flagship Phone
15,4921,512,110,58,6.5,3.6,120,1,3,Flagship Phone
9,5195,128,63,20,6.5,2.9,90,1,2,Premium Phone
8,5116,256,87,32,6.5,3.0,120,1,2,Premium Phone
14,5766,512,145,44,6.7,3.1,120,1,3,Flagship Phone
8,5082,128,51,8,6.4,2.5,90,1,2,Mid-Range Phone
9,4993,128,89,32,6.6,3.1,90,1,3,Premium Phone
8,4389,128,21,11,6.2,2.6,60,0,2,Mid-Range Phone
4,4912,64,62,9,6.0,2.5,90,1,1,Mid-Range Phone
13,5993,512,111,40,6.6,3.3,120,1,2,Flagship Phone
4,5033,64,32,12,6.4,2.1,90,1,2,Mid-Range Phone
8,4600,256,81,31,6.7,3.0,90,1,2,Premium Phone
13,5461,256,92,34,6.7,3.2,144,1,3,Flagship Phone
8,4801,64,57,10,6.0,2.1,90,0,2,Mid-Range Phone
2,3684,64,15,7,5.7,1.5,60,0,1,Budget Phone
15,5056,512,106,53,6.8,3.2,120,1,3,Flagship Phone
7,4353,128,47,14,6.2,2.5,90,1,1,Mid-Range Phone
9,5376,128,75,20,6.5,2.7,120,1,2,Premium Phone
11,5089,256,57,20,6.5,2.7,90,1,3,Premium Phone
8,4682,128,105,16,6.7,3.1,90,1,3,Premium Phone
12,5701,512,140,54,6.7,3.5,144,1,3,Flagship Phone
3,3761,32,8,8,6.2,1.9,60,0,1,Budget Phone
8,4976,128,16,16,6.5,2.4,60,0,1,Mid-Range Phone
12,4676,128,73,27,6.7,2.8,120,0,2,Premium Phone
9,5423,128,105,21,6.7,2.6,90,1,2,Premium Phone
5,4882,64,64,13,6.4,2.3,90,1,2,Mid-Range Phone
8,4704,256,85,19,6.8,3.1,120,1,2,Premium Phone
13,5679,512,182,54,6.6,3.4,120,1,2,Flagship Phone
15,5156,512,154,49,6.6,3.4,120,1,2,Flagship Phone
9,5093,128,96,25,6.4,2.7,120,1,2,Premium Phone
10,4684,128,88,22,6.5,2.9,120,1,2,Premium Phone
16,5833,256,140,48,6.9,3.5,144,1,2,Flagship Phone
10,5335,128,56,25,6.4,2.6,90,1,3,Premium Phone
8,4997,256,95,16,6.7,3.1,90,1,2,Premium Phone
2,3511,64,16,8,5.5,1.9,60,0,1,Budget Phone
9,4807,256,91,16,6.5,3.1,90,1,2,Premium Phone
8,4694,64,42,11,6.3,2.4,90,0,2,Mid-Range Phone
5,4161,128,36,15,6.5,2.4,60,0,2,Mid-Range Phone
16,5888,512,133,60,6.7,3.2,144,1,2,Flagship Phone
13,5763,256,175,41,6.9,3.2,144,1,2,Flagship Phone
15,5785,256,126,33,7.0,3.3,120,1,2,Flagship Phone
11,4653,256,87,32,6.8,2.8,90,1,2,Premium Phone
2,3022,64,10,5,5.9,1.6,60,0,2,Budget Phone
4,3883,64,10,8,6.0,1.8,60,0,1,Budget Phone
12,5643,512,187,46,7.0,3.4,120,1,3,Flagship Phone
2,3016,32,9,5,6.0,1.7,60,0,1,Budget Phone
14,5648,512,184,32,6.7,3.4,120,1,3,Flagship Phone
4,3284,32,12,8,5.8,1.6,60,0,2,Budget Phone
6,4519,64,42,8,6.2,2.6,90,1,2,Mid-Range Phone
3,3075,32,10,7,5.7,1.9,60,0,1,Budget Phone
8,4973,128,16,11,6.4,2.4,90,0,1,Mid-Range Phone
4,4475,64,49,9,6.4,2.4,60,0,1,Mid-Range Phone
4,5106,128,47,10,6.1,2.5,60,0,2,Mid-Range Phone
16,5036,256,105,38,6.9,3.6,144,1,2,Flagship Phone
12,5072,256,70,17,6.4,3.1,120,1,3,Premium Phone
8,5050,64,63,8,6.4,2.4,60,0,1,Mid-Range Phone
3,4184,64,15,5,5.5,1.4,60,1,1,Budget Phone
3,3459,64,8,8,5.7,1.4,60,0,1,Budget Phone
13,5971,512,131,43,6.7,3.0,120,1,3,Flagship Phone
6,4909,128,20,16,6.2,2.1,90,0,2,Mid-Range Phone
6,5307,128,37,9,6.5,2.5,60,1,2,Mid-Range Phone
4,3957,32,10,6,5.6,1.8,60,0,1,Budget Phone
9,4606,256,86,19,6.7,3.1,120,0,2,Premium Phone
3,3496,32,13,8,5.5,1.5,60,0,2,Budget Phone
8,4772,256,71,26,6.7,2.9,90,0,3,Premium Phone
12,5338,512,77,57,6.8,3.5,144,1,3,Flagship Phone
9,4578,256,55,18,6.6,2.7,90,1,2,Premium Phone
6,4067,64,32,10,6.4,2.3,90,1,2,Mid-Range Phone
12,4629,256,70,27,6.5,2.7,120,1,3,Premium Phone
3,4390,64,16,6,5.7,1.7,60,0,1,Budget Phone
15,5297,512,137,37,6.9,3.0,120,1,3,Flagship Phone
8,4056,64,35,16,6.3,2.3,60,0,2,Mid-Range Phone
9,5321,256,107,17,6.8,3.1,90,1,2,Premium Phone
2,4213,64,15,6,6.1,1.6,60,0,1,Budget Phone
13,5184,256,140,59,6.8,3.4,144,1,2,Flagship Phone
3,3521,32,13,6,5.9,1.8,60,0,2,Budget Phone
4,4119,64,9,6,5.6,1.4,60,0,1,Budget Phone
8,5317,256,90,19,6.8,3.1,90,1,2,Premium Phone
7,4619,128,45,11,6.2,2.6,60,0,1,Mid-Range Phone
9,5036,128,85,20,6.5,2.7,90,1,2,Premium Phone
16,4994,256,96,39,6.6,3.0,144,1,3,Flagship Phone
4,4872,128,21,16,6.5,2.3,90,1,1,Mid-Range Phone
15,5376,256,178,51,6.9,3.4,144,1,2,Flagship Phone
14,5209,256,140,35,6.7,3.1,144,1,3,Flagship Phone
15,5721,512,118,57,6.9,3.2,120,1,2,Flagship Phone
4,4246,32,16,5,5.9,1.7,60,0,2,Budget Phone
4,4019,64,10,5,5.7,1.6,60,0,1,Budget Phone
10,5447,256,70,29,6.6,2.9,90,1,2,Premium Phone
4,5497,128,43,9,6.3,2.5,60,0,1,Mid-Range Phone
15,5891,512,125,43,7.0,3.0,144,1,3,Flagship Phone
2,3524,32,11,7,6.0,1.5,60,0,1,Budget Phone
8,4577,256,85,21,6.6,2.8,90,1,3,Premium Phone
7,5098,64,54,13,6.5,2.4,90,0,1,Mid-Range Phone
10,5037,256,49,29,6.6,3.1,120,1,2,Premium Phone
2,3775,32,15,5,5.7,1.4,60,1,1,Budget Phone
4,3687,64,8,7,5.8,1.6,60,0,1,Budget Phone
4,4910,64,21,12,6.6,2.1,90,0,2,Mid-Range Phone
11,4890,256,87,19,6.7,2.8,90,1,3,Premium Phone
7,4266,128,25,8,6.3,2.3,90,1,1,Mid-Range Phone
3,3896,32,8,8,6.1,2.0,60,0,2,Budget Phone
9,4698,128,60,23,6.7,2.6,90,0,3,Premium Phone
2,3037,32,12,7,5.8,1.9,60,0,1,Budget Phone
9,4500,128,60,30,6.6,3.0,90,1,3,Premium Phone
15,5648,512,164,56,6.6,3.4,144,1,2,Flagship Phone
12,4647,128,70,28,6.5,2.9,120,1,2,Premium Phone
6,4849,128,30,10,6.4,2.5,60,0,2,Mid-Range Phone
12,5356,256,184,51,6.8,3.4,144,1,3,Flagship Phone
12,5138,256,58,22,6.4,3.2,120,1,2,Premium Phone
12,5073,512,86,36,6.7,3.2,144,1,3,Flagship Phone
4,3452,64,12,8,6.0,1.8,60,0,1,Budget Phone
12,4890,256,199,46,6.6,3.5,144,1,3,Flagship Phone
11,5492,256,90,29,6.6,2.6,90,1,2,Premium Phone
5,4183,128,53,9,6.5,2.5,90,1,1,Mid-Range Phone
15,5613,256,95,37,6.7,3.5,120,1,3,Flagship Phone
8,4187,64,18,9,6.2,2.3,60,1,2,Mid-Range Phone
12,4785,128,100,21,6.6,3.0,90,0,2,Premium Phone
8,5223,128,52,27,6.8,2.7,90,0,2,Premium Phone
4,4399,32,12,8,5.8,1.6,60,0,1,Budget Phone
2,3229,32,9,8,5.6,1.5,60,0,1,Budget Phone
6,5393,64,23,16,6.3,2.2,90,0,2,Mid-Range Phone
4,4296,32,13,6,6.1,2.0,60,0,1,Budget Phone
12,4872,256,130,49,7.0,3.1,120,1,3,Flagship Phone
8,5114,128,28,11,6.0,2.0,60,0,1,Mid-Range Phone
9,5367,128,77,23,6.7,2.7,120,1,3,Premium Phone
7,4820,128,23,8,6.2,2.4,90,1,1,Mid-Range Phone
8,5282,128,51,31,6.7,3.2,120,0,2,Premium Phone
4,4219,32,13,8,6.2,1.8,60,0,1,Budget Phone
10,5315,128,57,20,6.7,2.6,120,1,3,Premium Phone
15,5825,256,109,53,6.8,3.5,120,1,2,Flagship Phone
2,3758,32,11,8,6.2,1.5,60,0,1,Budget Phone
6,4076,128,33,15,6.4,2.2,90,0,1,Mid-Range Phone
8,4578,128,43,12,6.5,2.1,90,0,1,Mid-Range Phone
4,4002,32,15,5,5.6,1.9,60,0,1,Budget Phone
12,4848,512,158,32,6.6,3.4,144,1,2,Flagship Phone
15,4816,512,179,35,6.9,3.2,120,1,3,Flagship Phone
15,5811,256,67,51,6.6,3.1,120,1,2,Flagship Phone
10,5055,128,49,28,6.4,2.7,120,1,3,Premium Phone
16,5437,512,64,34,6.9,3.6,144,1,2,Flagship Phone
